{ 
  "aparatos":[
   {
    "nombre":"lavadora"
    ,"marca":"Whirpool"
    ,"tipo":"modalidades"
    , "modalidades":["delicado", "normal", "fuerte"]
   },
   {
    "nombre":"TV"
    ,"marca":"Samsung"
    ,"tipo":"señales"
    , "señales":[7,187,53, 44, 488]
   },
   {
    "nombre":"Aire acondicionado"
    ,"marca":"Whirpoo"
    ,"tipo":"termoregulable"
    , "tempMinima":10
    , "tempMax":35
   },
   {
    "nombre":"Olla de cocina"
    ,"marca":"Whirpoo"
    ,"tipo":"termoregulable"
    , "tempMinima":20
    , "tempMax":40
   },
   {
    "nombre":"Radio"
    ,"marca":"RadiosX"
    ,"tipo":"señales"
    , "señales":[7,8,9,10]
   },
   {
    "nombre":"Smart TV"
    ,"marca":"Patito"
    ,"tipo":"señales"
    ,"señales":[12,23,12,42,1]
   },
   {
    "nombre":"Café Y"
    ,"marca":"Patito2"
    ,"tipo":"modalidades"
    , "modalidades":["expreso", "late"]
   },
   {
    "nombre":"Tostador"
    ,"marca":"No se que poner"
    ,"tipo":"termoregulable"
    , "tempMinima":40
    , "tempMax":70   },
   {
    "nombre":"Microondas"
    ,"marca":"Whirpooñ"
    ,"tipo":"termoregulable"
    , "tempMinima":200
    , "tempMax":300
   },
   {
    "nombre":"iPad"
    ,"marca":"En serio?"
    ,"tipo":"modalidades"
    , "modalidades":["Para niños", "Para mancos", "Y para gente sin corazon"]
   }




 ]
}
